<?xml version="1.0" encoding="UTF-8"?>
<!DOCTYPE article
  PUBLIC "-//NLM//DTD JATS (Z39.96) Journal Publishing DTD v1.0 20120330//EN" "C:/SciELO/bin/markup/../xml/../pmc/j1.0/dtd/jats1.0/JATS-journalpublishing1.dtd">
<article xmlns:xlink="http://www.w3.org/1999/xlink" xmlns:mml="http://www.w3.org/1998/Math/MathML" dtd-version="3.0" article-type="research-article" xml:lang="pt">
<front>
  <journal-meta>
    <journal-id journal-id-type="nlm-ta">Rev Saude Publica</journal-id>
    <journal-title-group>
      <journal-title>Revista de Saúde Pública</journal-title>
      <abbrev-journal-title abbrev-type="publisher">Rev. Saúde Pública</abbrev-journal-title>
    </journal-title-group>
    <issn pub-type="ppub">0034-8910</issn>
    <issn pub-type="epub">1518-8787</issn>
    <publisher>
      <publisher-name>Faculdade de Saúde Pública da Universidade de São Paulo</publisher-name>
    </publisher>
  </journal-meta>
  <article-meta>
    <article-id pub-id-type="publisher-id">S0034-8910.2013047004664</article-id>
    <article-id pub-id-type="doi">10.1590/S0034-8910.2013047004664</article-id>
    <article-categories>
      <subj-group subj-group-type="heading">
        <subject>Artigos Originais</subject>
      </subj-group>
    </article-categories>
    <title-group>
      <article-title xml:lang="pt">Casos autóctones de esquistossomose mansônica em crianças de Recife, PE</article-title>
      <trans-title-group xml:lang="es">
        <trans-title>Casos autóctonos de esquistosomiasis mansonica en niños de Recife, PE, Brasil</trans-title>
      </trans-title-group>
    </title-group>
    <contrib-group>
      <contrib contrib-type="author">
        <name>
          <surname>Barbosa</surname>
          <given-names>Constança Simões</given-names>
        </name>
        <xref ref-type="aff" rid="aff1"> <sup>I</sup> </xref>
      </contrib>
      <contrib contrib-type="author">
        <name>
          <surname>Barbosa</surname>
          <given-names>Verônica Santos</given-names>
        </name>
        <xref ref-type="aff" rid="aff2"> <sup>II</sup> </xref>
      </contrib>
      <contrib contrib-type="author">
        <name>
          <surname>Melo</surname>
          <given-names>Fábio Lopes de</given-names>
        </name>
        <xref ref-type="aff" rid="aff1"> <sup>I</sup> </xref>
      </contrib>
      <contrib contrib-type="author">
        <name>
          <surname>Melo</surname>
          <given-names>Mariana Sena Barreto de</given-names>
        </name>
        <xref ref-type="aff" rid="aff2"> <sup>II</sup> </xref>
      </contrib>
      <contrib contrib-type="author">
        <name>
          <surname>Bezerra</surname>
          <given-names>Lydia</given-names>
        </name>
        <xref ref-type="aff" rid="aff1"> <sup>I</sup> </xref>
      </contrib>
      <contrib contrib-type="author">
        <name>
          <surname>Campos</surname>
          <given-names>Julyana Viegas</given-names>
        </name>
        <xref ref-type="aff" rid="aff3"> <sup>III</sup> </xref>
      </contrib>
      <contrib contrib-type="author">
        <name>
          <surname>Rodrigues</surname>
          <given-names>Bruno Ximenes</given-names>
        </name>
        <xref ref-type="aff" rid="aff4"> <sup>IV</sup> </xref>
      </contrib>
      <contrib contrib-type="author">
        <name>
          <surname>Nascimento</surname>
          <given-names>Wheverton Correia do</given-names>
        </name>
        <xref ref-type="aff" rid="aff1"> <sup>I</sup> </xref>
      </contrib>
      <contrib contrib-type="author">
        <name>
          <surname>Gomes</surname>
          <given-names>Elainne Souza</given-names>
        </name>
        <xref ref-type="aff" rid="aff4"> <sup>IV</sup> </xref>
      </contrib>
      <contrib contrib-type="author">
        <name>
          <surname>Leal-Neto</surname>
          <given-names>Onício</given-names>
        </name>
        <xref ref-type="aff" rid="aff2"> <sup>II</sup> </xref>
      </contrib>
      <contrib contrib-type="author">
        <name>
          <surname>Domingues</surname>
          <given-names>Ana Lúcia</given-names>
        </name>
        <xref ref-type="aff" rid="aff5"> <sup>V</sup> </xref>
      </contrib>
    </contrib-group>
    <aff id="aff1">
      <label>I</label>
      <institution content-type="orgdiv3">Laboratório e Serviço de Referência em Esquistossomose</institution>
      <institution content-type="orgdiv2">Departamento de Parasitologia</institution>
      <institution content-type="orgdiv1">Centro de Pesquisas Aggeu Magalhães</institution>
      <institution content-type="orgname">Fundação Oswaldo Cruz</institution>
	  <addr-line>
      <named-content content-type="city">Recife</named-content>
      <named-content content-type="state">PE</named-content>
	  </addr-line>
      <country>Brasil</country>
      Laboratório e Serviço de Referência em Esquistossomose
      .
      Departamento de Parasitologia
      .
      Centro de Pesquisas Aggeu Magalhães
      .
      Fundação Oswaldo Cruz
      .
      Recife
      ,
      PE
      ,
      Brasil </aff>
    <aff id="aff2">
      <label>II</label>
      <institution content-type="orgdiv1">Centro de Pesquisas Aggeu Magalhães</institution>
      <institution content-type="orgname">Fundação Oswaldo Cruz</institution>
	  <addr-line>
      <named-content content-type="city">Recife</named-content>
      <named-content content-type="state">PE</named-content>
	  </addr-line>
      <country>Brasil</country>
      Programa de Pós-Graduação em Saúde Pública.
      Centro de Pesquisas Aggeu Magalhães
      .
      Fundação Oswaldo Cruz
      .
      Recife
      ,
      PE
      ,
      Brasil </aff>
    <aff id="aff3">
      <label>III</label>
      <institution content-type="orgdiv1">Centro de Ciências da Saúde</institution>
      <institution content-type="orgname">Universidade Federal de Pernambuco</institution>
	  <addr-line>
      <named-content content-type="city">Recife</named-content>
      <named-content content-type="state">PE</named-content>
	  </addr-line>
      <country>Brasil</country>
      Programa de Pós-Graduação Integrado em Saúde Coletiva,
      Centro de Ciências da Saúde
      .
      Universidade Federal de Pernambuco
      .
      Recife
      ,
      PE
      ,
      Brasil </aff>
    <aff id="aff4">
      <label>IV</label>
      <institution content-type="orgdiv2">Departamento de Enfermagem</institution>
      <institution content-type="orgdiv1">Centro Acadêmico de Vitória</institution>
      <institution content-type="orgname">Universidade Federal de Pernambuco</institution>
	  <addr-line>
      <named-content content-type="city">Vitória de Santo Antão</named-content>
      <named-content content-type="state">PE</named-content>
	  </addr-line>
      <country>Brasil</country>
      Departamento de Enfermagem
      .
      Centro Acadêmico de Vitória
      .
      Universidade Federal de Pernambuco
      .
      Vitória de Santo Antão
      ,
      PE
      ,
      Brasil </aff>
    <aff id="aff5">
      <label>V</label>
      <institution content-type="orgdiv2">Departamento de Medicina Clínica</institution>
      <institution content-type="orgdiv1">Centro de Ciências da Saúde</institution>
      <institution content-type="orgname">Universidade Federal de Pernambuco</institution>
	  <addr-line>
      <named-content content-type="city">Recife</named-content>
      <named-content content-type="state">PE</named-content>
	  </addr-line>
      <country>Brasil</country>
      Departamento de Medicina Clínica
      .
      Centro de Ciências da Saúde
      .
      Universidade Federal de Pernambuco
      .
      Recife
      ,
      PE
      ,
      Brasil </aff>
    <author-notes>
      <corresp>
        <bold>Correspondência | Correspondence</bold>
        : Constança Simões Barbosa. Laboratório e Serviço de Referência em EsquistossomoseDepartamento de Parasitologia – CPqAM/Fiocruz. Av. Professor Moraes Rego, s/n Campus da UFPE – Cidade Universitária. 50670-420 Recife, PE, Brasil. E-mail:
        <email>cbarbosa@cpqam.fiocruz.br</email>
      </corresp>
      <fn fn-type="financial-disclosure">
      <p>Estudo financiado pela Secretaria de Vigilância em Saúde (SVS), Ministério da Saúde, processo FIOTEC ICPQRR-002-LIV-10.</p>
      </fn> <fn fn-type="conflict">
      <p>Os autores declaram não haver conflito de interesses.</p>
      </fn> </author-notes>
    <pub-date pub-type="ppub">
      <month>08</month>
      <year>2013</year>
    </pub-date>
    <volume>47</volume>
    <issue>04</issue>
    <fpage>684</fpage>
    <lpage>690</lpage>
    <history>
      <date date-type="received">
        <day>30</day>
        <month>11</month>
        <year>2012</year>
      </date>
      <date date-type="accepted">
        <day>19</day>
        <month>3</month>
        <year>2013</year>
      </date>
    </history>
    <permissions>
      <license license-type="open-access" xlink:href="http://creativecommons.org/licenses/by-nc/3.0/">
        <license-p>This is an Open Access article distributed under the terms of the Creative Commons Attribution Non-Commercial License, which permits unrestricted non-commercial use, distribution, and reproduction in any medium, provided the original work is properly cited.</license-p>
      </license>
    </permissions>
    <abstract xml:lang="pt">
      <sec>
        <title>OBJETIVO</title>
        <p>
          <bold>:</bold>
          Investigar criadouros com moluscos hospedeiros e casos humanos autóctones para esquistossomose.</p>
      </sec>
      <sec>
        <title>MÉTODOS</title>
        <p>
          <bold>:</bold>
          Entre julho de 2010 e setembro de 2012 foram realizados: (1) levantamento malacológico para busca ativa de criadouros, coleta e identificação de caramujos
          <italic>Biomphalaria</italic>
          positivos para
          <italic>Schistosoma mansoni</italic>
          em Recife, PE; (2) inquérito de prevalência com 2.718 escolares, de sete a 14 anos, para diagnóstico de casos de esquistossomose; (3) exame clínico e ultrassonografia nos casos positivos para
          <italic>S. mansoni.</italic>
          Os casos foram investigados quanto à sua autoctonia e avaliados clinicamente. Os casos e criadouros foram georreferenciados e espacializados.</p>
      </sec>
      <sec>
        <title>RESULTADOS</title>
        <p>
          <bold>:</bold>
          Foram identificados 30 criadouros de
          <italic>B. straminea</italic>
          , quatro deles potenciais focos de transmissão, uma vez que os testes moleculares identificaram DNA de
          <italic>S. mansoni</italic>
          nos caramujos coletados. Foram diagnosticadas 14 crianças com esquistossomose; entre elas, cinco foram consideradas casos autóctones da doença.</p>
      </sec>
      <sec>
        <title>CONCLUSÕES</title>
        <p>
          <bold>:</bold>
          Ações emergenciais pela vigilância em saúde são necessárias para evitar que a esquistossomose se endemize em Recife, como acontece em localidades litorâneas do estado de Pernambuco.</p>
      </sec>
    </abstract>
    <trans-abstract xml:lang="es">
      <sec>
        <title>OBJETIVO</title>
        <p>Investigar criaderos con moluscos hospedadores y casos humanos autóctonos para esquistosomiasis.</p>
      </sec>
      <sec>
        <title>MÉTODOS</title>
        <p>Se ejecutaron: estudio malacológico para búsqueda activa de criaderos, colecta e identificación de caracoles Biomphalaria positivos para S. mansoni en Recife, PE, entre julio de 2010 y septiembre de 2012, pesquisa de prevalencia con 2.718 escolares, de siete a 14 años, para diagnóstico de casos de esquistosomiasis, examen clínico y de ultrason en los casos positivos para S. mansoni. Los casos fueron investigados con respecto a su autoctonía y evaluados clínicamente. Los casos y criaderos fueron geo-referenciados y espacializados.</p>
      </sec>
      <sec>
        <title>RESULTADOS</title>
        <p>Se identificaron 30 criaderos de B. straminea, cuatro de ellos potenciales focos de transmisión, luego que las pruebas moleculares identificaron DNA de S. mansoni en los caracoles colectados. Se diagnosticaron 14 niños con esquistosomiasis, entre ellas cinco fueron considerados casos autóctonos de la enfermedad.</p>
      </sec>
      <sec>
        <title>CONCLUSIONES</title>
        <p>Acciones de emergencia para vigilancia de salud son necesarias para evitar que la esquistosomiasis se vuelva endémica en Recife como sucede en localidades del litoral de Pernambuco.</p>
      </sec>
    </trans-abstract>
    <kwd-group xml:lang="pt">
      <kwd>
        <italic>Biomphalaria</italic>
      </kwd>
      <kwd>crescimento &amp; desenvolvimento</kwd>
      <kwd>
        <italic>Schistosoma mansoni</italic>
      </kwd>
      <kwd>Esquistossomose, epidemiologia</kwd>
      <kwd>Doenças Endêmicas, prevenção &amp; controle</kwd>
    </kwd-group>
    <kwd-group xml:lang="es">
      <kwd>Biomphalaria, crecimiento &amp; desarrollo</kwd>
      <kwd>Schistosoma mansoni</kwd>
      <kwd>Esquistosomiasis, epidemiología</kwd>
      <kwd>Enfermedades Endémicas, prevención &amp; control</kwd>
    </kwd-group>
    <counts>
      <fig-count count="2"/>
      <table-count count="2"/>
      <ref-count count="20"/>
      <page-count count="7"/>
    </counts>
  </article-meta>
</front>
<body>
<sec sec-type="intro">
  <title>INTRODUÇÃO</title>
  <p>Antes considerada uma endemia rural e doença da pobreza, a esquistossomose expande-se para áreas urbanas e litorâneas de Pernambuco, onde ocorrem casos humanos e focos de moluscos hospedeiros intermediários. Isso atesta a introdução e manutenção da doença para localidades antes indenes. Na forma de surtos epidêmicos ou estabilizada como endemia, a doença assume características epidemiológicas, clínicas, econômicas e socioculturais distintas daquelas encontradas nas zonas rurais do Estado.
    <xref ref-type="bibr" rid="B3"><sup>3</sup></xref>
    <sup>,</sup>
    <xref ref-type="bibr" rid="B4"><sup>4</sup></xref>
    <sup>,</sup>
    <xref ref-type="bibr" rid="B6"><sup>6</sup></xref>
    <sup>,</sup>
    <xref ref-type="bibr" rid="B9"><sup>9</sup></xref>
    <sup>,</sup>
    <xref ref-type="bibr" rid="B12"><sup>12</sup></xref>
    <sup>,</sup>
    <xref ref-type="bibr" rid="B14"><sup>14</sup></xref>
  </p>
  <p>A migração de trabalhadores rurais desempregados da zona rural endêmica tem como destino as áreas costeiras do estado. O setor imobiliário, resorts, hotéis e casas de veraneio oferecem vasta gama de serviços para mão de obra não qualificada. Algumas localidades litorâneas, consideradas polos turísticos, exibem crescimento populacional desenfreado, num modelo de ocupação caótico, em que os recursos naturais são destruídos pelas ações invasivas e inescrupulosas da construção civil. Na periferia desses espaços turísticos privilegiados, aglutina-se a população de migrantes à espera de oportunidades de trabalho e passa a viver em aglomerados populacionais sem infraestrutura de saneamento básico e ambiental, assistência à saúde e acesso aos bens e serviços urbanos. Essas condições habitacionais favorecem a contaminação das coleções hídricas de água doce. Dejetos humanos são lançados nos riachos e lagoas das localidades litorâneas e contaminam os criadouros naturais de moluscos hospedeiros intermediários, iniciando novos ciclos de transmissão da doença. Registros de literatura caracterizam os novos focos de moluscos hospedeiros intermediários e a ocorrência de casos agudos da esquistossomose no litoral de Pernambuco e Região Metropolitana do Recife (RMR) com dados sobre a epidemiologia, ecologia e distribuição espacial da doença. Estes registros fornecem subsídios para os serviços de saúde com informações que podem nortear o controle e a prevenção da esquistossomose no litoral de Pernambuco.
    <xref ref-type="bibr" rid="B2"><sup>2</sup></xref>
    <sup>,</sup>
    <xref ref-type="bibr" rid="B5"><sup>5</sup></xref>
    <sup>,</sup>
    <xref ref-type="bibr" rid="B7"><sup>7</sup></xref>
    <sup>,</sup>
    <xref ref-type="bibr" rid="B8"><sup>8</sup></xref>
    <sup>,</sup>
    <xref ref-type="bibr" rid="B10"><sup>10</sup></xref>
    <sup>,</sup>
    <xref ref-type="bibr" rid="B11"><sup>11</sup></xref>
    <sup>,</sup>
    <xref ref-type="bibr" rid="B16"><sup>16</sup></xref>
    <sup>,</sup>
    <xref ref-type="bibr" rid="B18"><sup>18</sup></xref>
    <sup>,</sup>
    <xref ref-type="bibr" rid="B20"><sup>20</sup></xref>
  </p>
  <p>O primeiro indício de transmissão da esquistossomose mansônica em Recife, PE, ocorreu em 2008, quando uma expedição científica detectou a presença de
    <italic>Biomphalaria straminea</italic>
    infectado pelo
    <italic>Schistosoma mansoni</italic>
    no açude do Parque Apipucos, em bairro nobre da cidade.
    <xref ref-type="fn" rid="fn1"><sup>a</sup></xref>
    O local é uma tradicional e bela área de lazer contemplativo com parques infantis e espaços para práticas esportivas, ladeado pelo açude Apipucos, onde algumas pessoas pescam e se banham e na qual foram detectados vários pontos com despejo de esgotos.</p>
  <p>Com base nesses achados, iniciaram-se as investigações epidemiológicas em busca de evidências que atestassem a transmissão da esquistossomose em Recife.</p>
  <p>O objetivo deste trabalho foi investigar criadouros de moluscos hospedeiros intermediários e casos humanos autóctones para esquistossomose em Recife.</p>
</sec>
<sec sec-type="methods">
  <title>MÉTODOS</title>
  <p>Realizou-se Inquérito malacológico entre julho de 2010 e setembro de 2012 por meio de busca ativa dos caramujos hospedeiros intermediários nas coleções de água doce selecionadas na carta hídrica de Recife. Os moluscos foram coletados com conchas e pinças por meio de busca ativa nas coleções hídricas, em pontos de importância epidemiológica (proximidade de residências). Foram examinados pela técnica molecular Nested PCR, específica e eficiente para identificação do DNA do
    <italic>S. mansoni</italic>
    em
    <italic>Biomphalaria.</italic>
    <xref ref-type="bibr" rid="B1"><sup>1</sup></xref>
    <sup>,</sup>
    <xref ref-type="bibr" rid="B15"><sup>15</sup></xref>
    Isso possibilita a rápida identificação de ambientes aquáticos contaminados pelo parasita. Os casos humanos foram identificados entre agosto e setembro de 2011 por meio do Inquérito Nacional de Prevalência da Esquistossomose e Geohelmintoses (INPEG), <sup>b</sup> que amostrou 2.718 escolares de sete a 14 anos em 35 escolas sorteadas no Recife, e por busca intencional de casos em 179 crianças, na mesma faixa etária, em duas escolas que não faziam parte da amostra do INPEG, mas que foram eleitas pelo critério epidemiológico de proximidade a criadouros com grande abundância de caramujos. O método de diagnóstico parasitológico de fezes foi o Kato-Katz, com duas lâminas para cada paciente.
    <xref ref-type="bibr" rid="B13"><sup>13</sup></xref>
    Nos pacientes positivos para
    <italic>S. mansoni</italic>
    foi realizado exame clínico para investigar a presença de episódios de diarreia com sangue nas últimas duas semanas, episódios de hemorragia digestiva alta (HDA), presença de esplenomegalia ou HDA em familiares. Foi realizado exame de ultrassonografia (USG) para estabelecer presença de esplenomegalia, hepatomegalia e padrões de fibrose periportal. Foi utilizada a Classificação de Niamey, da Organização Mundial da Saúde (OMS), para definir a fibrose periportal, nos padrões A (sem fibrose), B (fibrose discutível), C (fibrose periférica) e D (fibrose central).
    <xref ref-type="bibr" rid="B20"><sup>20</sup></xref>
  </p>
  <p>A autoctonia dos casos foi criteriosamente investigada com os familiares das crianças, descartados como casos autóctones as crianças que tenham tido qualquer tipo de exposição em localidade endêmica ou não para esquistossomose fora de Recife.</p>
  <p>As escolas e residências com casos positivos para esquistossomose mansoni tiveram suas residências geocodificadas pelo
    <italic>software</italic>
    Google Earth versão 6.1, atingindo a completude de informações em 95%. Os criadouros foram georreferenciados por meio de dispositivo de GPS Garmin eTrex, no sistema de projeção UTM e datum SAD69. Esses dados foram inclusos e processados em um Sistema de Informações Geográficas em ambiente ArcGIS 10.0 (Esri), gerando o mapa temático com os atributos espacializados.</p>
  <p>Este projeto foi aprovado pelo Comitê de Ética em Pesquisa do Centro de Pesquisas René Rachou (Processo nº CAAE 0007.1.245.000.10). A pesquisa obedeceu aos princípios éticos contidos na Resolução nº 196/96, do Conselho Nacional de Saúde, do Ministério da Saúde. Todos os participantes assinaram o Termo de Consentimento Livre e Esclarecido. O anonimato foi preservado em todas as fases do estudo.</p>
</sec>
<sec sec-type="results">
  <title>RESULTADOS</title>
  <p>Foram identificados 30 criadouros em Recife, nos quais foram coletados 2.423 caramujos da espécie
    <italic>B. straminea.</italic>
    Como essa espécie é pouco suscetível ao
    <italic>S. mansoni,</italic>
    os caramujos foram esmagados e submetidos à técnica de diagnóstico molecular Nested PCR em busca do DNA do parasita. Foram encontrados quatro criadouros com moluscos portando DNA de
    <italic>S. mansoni,</italic>
    um no bairro Caxangá, dois em Apipucos e um em San Martin (
    <xref ref-type="fig" rid="f01">Figura</xref>
    ).</p>
  <p>  <fig id="f01">
    <label>Figura</label>
    <caption>
      <title>Distribuição geográfica dos casos de esquistossomose e dos criadouros de
        <italic>Biomphalaria.</italic>
        Recife, PE, 2012.</title>
    </caption>
    <graphic xlink:href="0034-8910-rsp-47-04-0684-gf01.tif"/>
  </fig></p>
  <p>Entre os 2.718 escolares investigados pelo INPEG, 9,05% estavam infectados por
    <italic>Ascaris lumbricoides</italic>
    , 8,64% por
    <italic>Trichuris trichiura</italic>
    , 1,1% por Ancilostomídeos e 0,44% por
    <italic>Schistosoma mansoni</italic>
    . A busca intencional de casos em escolas dos bairros da Várzea e Apipucos, que não fizeram parte da amostra do INPEG, permitiu identificar mais dois casos (1,1%) de crianças com esquistossomose entre as 179 examinadas (Tabela). No total foram diagnosticados 14 escolares parasitados pelo
    <italic>S. mansoni</italic>
    , que apresentaram carga parasitária entre 46 e 816 ovos por grama de fezes (OPG) e foram conduzidos ao ambulatório do Centro de Pesquisas Aggeu Magalhaes/Fiocruz para exame clínico e USG. As mães e as crianças receberam orientações sobre a doença e sua prevenção e os pacientes foram medicados para o
    <italic>S. mansoni</italic>
    e outras parasitoses diagnosticadas no exame de fezes.</p>
  <p>Na investigação da autoctonia, foram excluídas nove crianças por terem mencionado exposição em localidades, endêmicas ou não, fora de Recife, mesmo que tenha sido em uma única ocasião ou por poucas horas. Cinco crianças cujos familiares asseguraram que elas nunca se distanciaram do seu local de residência foram consideradas casos autóctones. Entre os 14 casos positivos para
    <italic>S. mansoni,</italic>
    em um dos pacientes (AS, 11 anos) não foi possível realizar o exame clínico por falta de autorização dos pais, mas sua autoctonia foi devidamente investigada e confirmada por visita domiciliar. A Figura mostra a localização geográfica da residência dos casos de esquistossomose diagnosticados e os pontos onde foram identificados criadouros com hospedeiros intermediários do
    <italic>S. mansoni</italic>
    e criadouros com caramujos portando o DNA do parasito
    <italic>.</italic>
  </p>
</sec>
<sec sec-type="discussion">
  <title>DISCUSSÃO</title>
  <p>Este é o primeiro relato de crianças parasitadas pelo
    <italic>S. mansoni</italic>
    em Recife, com investigação sobre a autoctonia dos casos. Existem notificações sobre pacientes adultos com esquistossomose em áreas periféricas pertencentes à Região Metropolitana do Recife;
    <xref ref-type="bibr" rid="B18"><sup>18</sup></xref>
    contudo, em nenhum dos casos positivos para
    <italic>S. mansoni</italic>
    houve a investigação sobre sua autoctonia.</p>
  <p>As 14 crianças identificadas, portadoras de esquistossomose, evidenciam que o inquérito de prevalência (INPEG), desenhado a partir de amostra aleatória, apresentou 0,44% de casos, ao passo que a busca intencional, norteada por critério epidemiológico, foi capaz de detectar 1,1% de crianças parasitadas por esse helminto, com amostragem de 179 casos.</p>
  <p>Entre os nove casos descartados como autóctones, três deles mencionaram uma única exposição fora de Recife. As outras cinco crianças consideradas casos autóctones nunca saíram de Recife e relataram exposição no peridomicilio na estação das chuvas, quando há o transbordamento de córregos e valas existentes na vizinhança, e os caramujos hospedeiros intermediários são veiculados passivamente para ruas e quintais. Esse evento sazonal, característico da transmissão em áreas urbanas, propicia as infecções episódicas e poderia ser evitado mediante a implantação de estratégias de saneamento ambiental, como a adequada drenagem das águas pluviais. Para as três crianças infectadas que mencionaram uma única exposição em área endêmica (descartadas como autóctones), permanece a suspeita de que o local de contágio tenha sido Recife, uma vez que seus familiares mencionaram contatos sistemáticos com córregos e alagados ao redor das residências.</p>
  <p>Das três crianças que apresentaram cargas parasitárias elevadas (uma autóctone), entre 458-816 OPG, duas delas tinham sintomatologia específica e alterações no exame USG, dados que sugerem exposições inúmeras e/ou intensas (
    <xref ref-type="table" rid="t01">Tabela</xref>
    ). Um escolar (GLSS, oito anos) residente no bairro de Boa Viagem apresentou a maior carga parasitária (816 OPG) e mencionou uma única exposição em área endêmica, quando tomou banho de rio por duas horas, sem memória de sintomatologia (dermatite cercariana ou febre) após esse contato. Não foram encontrados criadouros de moluscos hospedeiros intermediários no bairro de Boa Viagem, mas a criança mencionou contatos acidentais e sistemáticos com as águas do canal ao lado da sua casa, que transborda com as chuvas.</p>
  <p>  <table-wrap id="t01">
    <label>Tabela</label>
    <caption>
      <title>Resultados dos exames clínicos e ultrassonográficos dos escolares diagnosticados positivos para
        <italic>Schistosoma mansoni.</italic>
        Recife, PE, 2012.</title>
    </caption>
    <table frame="hsides" rules="groups">
      <colgroup width="14%">
        <col/>
        <col/>
        <col/>
        <col/>
        <col/>
        <col/>
        <col/>
      </colgroup>
      <tbody>
        <tr>
          <td>Registro paciente</td>
          <td align="center">Idade</td>
          <td align="center">Sinais sintomas</td>
          <td align="center">Ovos por gramas de fezes</td>
          <td align="center">USG</td>
          <td align="center">Padrões de fibrose
            <sup>a</sup>
          </td>
          <td align="center">Autoctonia</td>
        </tr>
        <tr>
          <td colspan="7" style="border-bottom: thin solid; border-color: #000000"/>
        </tr>
        <tr>
          <td>AGCA</td>
          <td align="center">9</td>
          <td align="center">Sim</td>
          <td align="center">72</td>
          <td align="center">Hepatomegalia/Fibrose</td>
          <td align="center">Padrão C</td>
          <td align="center">Não</td>
        </tr>
        <tr>
          <td>MTAN</td>
          <td align="center">9</td>
          <td align="center">Não</td>
          <td align="center">240</td>
          <td align="center">Fibrose</td>
          <td align="center">Padrão C</td>
          <td align="center">Não</td>
        </tr>
        <tr>
          <td>TYOS</td>
          <td align="center">9</td>
          <td align="center">Não</td>
          <td align="center">148</td>
          <td align="center">Hepatomegalia/Fibrose</td>
          <td align="center">Padrão C</td>
          <td align="center">Sim</td>
        </tr>
        <tr>
          <td>AGS</td>
          <td align="center">12</td>
          <td align="center">Não</td>
          <td align="center">192</td>
          <td align="center">Sem alterações</td>
          <td align="center">Sem fibrose</td>
          <td align="center">Não</td>
        </tr>
        <tr>
          <td>SLS</td>
          <td align="center">13</td>
          <td align="center">Não</td>
          <td align="center">144</td>
          <td align="center">Fibrose</td>
          <td align="center">Padrão C</td>
          <td align="center">Não</td>
        </tr>
        <tr>
          <td>WCLO</td>
          <td align="center">9</td>
          <td align="center">Sim</td>
          <td align="center">458</td>
          <td align="center">Hepatomegalia/Fibrose</td>
          <td align="center">Padrão C</td>
          <td align="center">Sim</td>
        </tr>
        <tr>
          <td>IMFS</td>
          <td align="center">9</td>
          <td align="center">Sim</td>
          <td align="center">46</td>
          <td align="center">Fibrose</td>
          <td align="center">Padrão B</td>
          <td align="center">Não</td>
        </tr>
        <tr>
          <td>LRMSF</td>
          <td align="center">8</td>
          <td align="center">Sim</td>
          <td align="center">48</td>
          <td align="center">Hepatoesplenomegalia/Fibrose</td>
          <td align="center">Padrão B</td>
          <td align="center">Sim</td>
        </tr>
        <tr>
          <td>GLSS</td>
          <td align="center">8</td>
          <td align="center">Sim</td>
          <td align="center">816</td>
          <td align="center">Fibrose</td>
          <td align="center">Padrão B</td>
          <td align="center">Não</td>
        </tr>
        <tr>
          <td>MMS</td>
          <td align="center">13</td>
          <td align="center">Sim</td>
          <td align="center">140</td>
          <td align="center">Fibrose</td>
          <td align="center">Padrão D</td>
          <td align="center">Não</td>
        </tr>
        <tr>
          <td>EAMA</td>
          <td align="center">8</td>
          <td align="center">Não</td>
          <td align="center">456</td>
          <td align="center">Sem alterações</td>
          <td align="center">Sem fibrose</td>
          <td align="center">Não</td>
        </tr>
        <tr>
          <td>DLLN</td>
          <td align="center">10</td>
          <td align="center">Não</td>
          <td align="center">72</td>
          <td align="center">Sem alterações</td>
          <td align="center">Sem fibrose</td>
          <td align="center">Não</td>
        </tr>
        <tr>
          <td>LDS</td>
          <td align="center">12</td>
          <td align="center">Não</td>
          <td align="center">264</td>
          <td align="center">Sem alterações</td>
          <td align="center">Sem fibrose</td>
          <td align="center">Sim</td>
        </tr>
        <tr>
          <td>AS</td>
          <td align="center">11</td>
          <td align="center">Não</td>
          <td align="center">72</td>
          <td align="center">–</td>
          <td align="center">–</td>
          <td align="center">Sim</td>
        </tr>
      </tbody>
    </table>
    <table-wrap-foot>
      <p>USG: Ultrassonografia</p>
      <p>
        <sup>a</sup>
        Padrões de Fibrose: Padrão A: sem fibrose; Padrão B: fibrose discutível ou provável; Padrão C: fibrose periférica; Padrão D: fibrose central
        <sup>22</sup>
      </p>
    </table-wrap-foot>
  </table-wrap></p>
  <p>Das três crianças que apresentaram hepatomegalia, duas delas são casos autóctones. Um deles (LRMSF, oito anos) evoluiu para a forma clínica hepatoesplênica, apesar de o exame parasitológico ter detectado 48 ovos/grama de fezes, o que sugere contágio antigo com ausência de tratamento específico (
    <xref ref-type="table" rid="t01">Tabela</xref>
    ). O comprometimento hepático em três crianças autóctones, com graus de fibrose nos estágios B e C, é sinal da gravidade da doença em seu curso crônico, semelhante ao observado em pacientes de área endêmica com exposição recorrente ao agente etiológico.</p>
  <p>Foram identificados um caso autóctone da doença e três criadouros de
    <italic>B. straminea</italic>
    com DNA de
    <italic>S. mansoni</italic>
    no bairro Apipucos
    <italic>.</italic>
    Essa foi a primeira criança diagnosticada com esquistossomose em Recife. Durante a investigação de autoctonia desse caso (AS, 11 anos), os pais afirmaram que a criança costuma brincar e banhar-se diariamente na lagoa do bairro. O bairro do Ibura apresentou quatro criadouros dos moluscos hospedeiros intermediários e duas crianças com esquistossomose, indicadores ambientais e biológicos de risco que merecem atenção especial da vigilância ambiental e epidemiológica. O bairro do Vasco da Gama teve três casos de esquistossomose e dois deles autóctones; a investigação familiar sobre possíveis contatos e exposição leva à suposição de que essas crianças podem ter se contaminado em lagoas dos bairros vizinhos, Brejo do Beberibe e Apipucos, ambientes frequentados por elas e onde foram identificados criadouros com caramujos hospedeiros intermediários.</p>
  <p>A Figura aponta a localização georreferenciada de ocorrência dos agravos. É necessário aprofundar as investigações para identificar e espacializar os ambientes e condições propícias de risco, evitando que a esquistossomose se propague em Recife. Apesar das limitações, as informações contidas na
    <xref ref-type="fig" rid="f01">Figura</xref>
    são fundamentais para nortear as ações de vigilância de busca ativa de novos casos e investigação de ambientes insalubres.</p>
   <p>Os achados da presente investigação, representados por criadouros de
    <italic>Biomphalaria straminea</italic>
    com caramujos portando DNA de
    <italic>S. mansoni</italic>
    e casos autóctones de crianças com esquistossomose, apontam para a transmissão da doença em Recife. Essas informações, aliadas ao fato de que cerca de 50% do município do Recife não dispõe de rede de saneamento, segundo o IBGE (2010),
    <xref ref-type="fn" rid="fn3"><sup>c</sup></xref>
    assumem significativa relevância epidemiológica e de saúde pública, demandando ações emergenciais para evitar que a esquistossomose mansônica torne-se endêmica nessa cidade. Em localidades litorâneas de Pernambuco, a dinâmica de transmissão desse agravo condiciona características epidemiológicas e clínicas específicas, representadas por surtos episódicos e por formas clínicas agudas da doença.</p>
  <p>A pesquisa, visando ao levantamento e mapeamento de todos os criadouros nos bairros da cidade, buscando moluscos contaminados e novos casos humanos autóctones, está em continuidade; pretende-se utilizar a técnica de camundongos sentinelas nos criadouros onde foi diagnosticado o DNA de
    <italic>S. mansoni</italic>
    , para fechar o ciclo de transmissão da doença na cidade.</p>
  <p>Os resultados deste estudo são limitados à situação especifica de Recife e podem ser aplicados pelos órgãos oficiais de controle para a formulação de modelos de intervenção, podendo ser revertidos em ações emergenciais para evitar que a esquistossomose se endemize nesta cidade.</p>
</sec>
</body><back>
  <ref-list>
    <title>REFERÊNCIAS</title>
    <ref id="B1">
      <label>1</label>
      <mixed-citation>. Abath FG, Melo FL, Werkhauser RP, Montenegro L, Montenegro R, Schindler HC. Single-tube nested PCR using immobilized internal primers.
        <italic>Biotechniques</italic>
        . 2002;33(6):1210-4.</mixed-citation>
      <element-citation publication-type="journal">
        <person-group>
          <name>
            <surname>Abath</surname>
            <given-names>FG</given-names>
          </name>
          <name>
            <surname>Melo</surname>
            <given-names>FL</given-names>
          </name>
          <name>
            <surname>Werkhauser</surname>
            <given-names>RP</given-names>
          </name>
          <name>
            <surname>Montenegro</surname>
            <given-names>L</given-names>
          </name>
          <name>
            <surname>Montenegro</surname>
            <given-names>R</given-names>
          </name>
          <name>
            <surname>Schindler</surname>
            <given-names>HC</given-names>
          </name>
        </person-group>
        <article-title xml:lang="en">Single-tube nested PCR using immobilized internal primers</article-title>
        <source>Biotechniques</source>
        <year>2002</year>
        <volume>33</volume>
        <issue>6</issue>
        <fpage>1210</fpage>
        <lpage>1214</lpage>
      </element-citation>
    </ref>
    <ref id="B2">
      <label>2</label>
      <mixed-citation>. Araújo KCGM, Resendes APC, Souza-Santos R, Silveira Júnior JC, Barbosa CS, Análise espacial dos focos de
        <italic>Biomphalaria glabrata</italic>
        e de casos humanos de esquistossomose em Porto de Galinhas, Pernambuco, Brasil, no ano de 2000.
        <italic>Cad Saude Publica</italic>
        . 2007;23(2):409-17. DOI:10.1590/S0102-311X2007000200017</mixed-citation>
      <element-citation publication-type="journal">
        <person-group>
          <name>
            <surname>Araújo</surname>
            <given-names>KCGM</given-names>
          </name>
          <name>
            <surname>Resendes</surname>
            <given-names>APC</given-names>
          </name>
          <name>
            <surname>Souza-Santos</surname>
            <given-names>R</given-names>
          </name>
          <name>
            <surname>Silveira</surname>
            <given-names>JC</given-names>
            <suffix>Júnior</suffix>
          </name>
          <name>
            <surname>Barbosa</surname>
            <given-names>CS</given-names>
          </name>
        </person-group>
        <article-title xml:lang="pt">Análise espacial dos focos de
          <italic>Biomphalaria glabrata</italic>
          e de casos humanos de esquistossomose em Porto de Galinhas, Pernambuco, Brasil, no ano de 2000</article-title>
        <source>Cad Saude Publica</source>
        <year>2007</year>
        <volume>23</volume>
        <issue>2</issue>
        <fpage>409</fpage>
        <lpage>417</lpage>
        <elocation-id>DOI:10.1590/S0102-311X2007000200017</elocation-id>
      </element-citation>
    </ref>
    <ref id="B3">
      <label>3</label>
      <mixed-citation>. Barbosa CS, Silva CB, Barbosa FS. Esquistossomose: reprodução e expansão da endemia no estado de Pernambuco no Brasil.
        <italic>Rev Saude Publica</italic>
        . 1996;30(6):609-16. DOI:10.1590/S0034-89101996000600016</mixed-citation>
      <element-citation publication-type="journal">
        <person-group>
          <name>
            <surname>Barbosa</surname>
            <given-names>CS</given-names>
          </name>
          <name>
            <surname>Silva</surname>
            <given-names>CB</given-names>
          </name>
          <name>
            <surname>Barbosa</surname>
            <given-names>FS</given-names>
          </name>
        </person-group>
        <article-title xml:lang="pt">Esquistossomose: reprodução e expansão da endemia no estado de Pernambuco no Brasil</article-title>
        <source>Rev Saude Publica</source>
        <year>1996</year>
        <volume>30</volume>
        <issue>6</issue>
        <fpage>609</fpage>
        <lpage>616</lpage>
        <elocation-id>DOI:10.1590/S0034-89101996000600016</elocation-id>
      </element-citation>
    </ref>
    <ref id="B4">
      <label>4</label>
      <mixed-citation>. Barbosa CS, Gonçalves JF, Albuquerque Y, Barbosa FS. Urban Schistosomiasis in Itamaracá Island, Pernambuco, Brazil: epidemiological factors involved in the recent endemic process.
        <italic>Mem Inst Oswaldo Cruz</italic>
        . 1998;93(Suppl 1):265-6. DOI:10.1590/S0074-02761998000700049</mixed-citation>
      <element-citation publication-type="journal">
        <person-group>
          <name>
            <surname>Barbosa</surname>
            <given-names>CS</given-names>
          </name>
          <name>
            <surname>Gonçalves</surname>
            <given-names>JF</given-names>
          </name>
          <name>
            <surname>Albuquerque</surname>
            <given-names>Y</given-names>
          </name>
          <name>
            <surname>Barbosa</surname>
            <given-names>FS</given-names>
          </name>
        </person-group>
        <article-title xml:lang="en">Urban Schistosomiasis in Itamaracá Island, Pernambuco, Brazil: epidemiological factors involved in the recent endemic process</article-title>
        <source>Mem Inst Oswaldo Cruz</source>
        <year>1998</year>
        <volume>93</volume>
        <supplement>Suppl 1</supplement>
        <fpage>265</fpage>
        <lpage>266</lpage>
        <elocation-id>DOI:10.1590/S0074-02761998000700049</elocation-id>
      </element-citation>
    </ref>
    <ref id="B5">
      <label>5</label>
      <mixed-citation>. Barbosa CS, Pieri OS, Silva CB, Barbosa FS. Ecoepidemiologia da esquistossomose urbana na ilha de Itamaracá, Estado de Pernambuco.
        <italic>Rev Saude Publica</italic>
        . 2000;34(4):337-41. DOI:10.1590/S0034-89102000000400004</mixed-citation>
      <element-citation publication-type="journal">
        <person-group>
          <name>
            <surname>Barbosa</surname>
            <given-names>CS</given-names>
          </name>
          <name>
            <surname>Pieri</surname>
            <given-names>OS</given-names>
          </name>
          <name>
            <surname>Silva</surname>
            <given-names>CB</given-names>
          </name>
          <name>
            <surname>Barbosa</surname>
            <given-names>FS</given-names>
          </name>
        </person-group>
        <article-title xml:lang="pt">Ecoepidemiologia da esquistossomose urbana na ilha de Itamaracá, Estado de Pernambuco</article-title>
        <source>Rev Saude Publica</source>
        <year>2000</year>
        <volume>34</volume>
        <issue>4</issue>
        <fpage>337</fpage>
        <lpage>341</lpage>
        <elocation-id>DOI:10.1590/S0034-89102000000400004</elocation-id>
      </element-citation>
    </ref>
    <ref id="B6">
      <label>6</label>
      <mixed-citation>. Barbosa CS, Domingues ALC, Abath F, Montenegro SML, Guida U, Carneiro J,  et al. Epidemia de esquistossomose aguda na praia de Porto de Galinhas, Pernambuco, Brasil.
        <italic>Cad Saude Publica</italic>
        . 2001;17(3):725-8. DOI:10.1590/S0102-311X2001000300028</mixed-citation>
      <element-citation publication-type="journal">
        <person-group>
          <name>
            <surname>Barbosa</surname>
            <given-names>CS</given-names>
          </name>
          <name>
            <surname>Domingues</surname>
            <given-names>ALC</given-names>
          </name>
          <name>
            <surname>Abath</surname>
            <given-names>F</given-names>
          </name>
          <name>
            <surname>Montenegro</surname>
            <given-names>SML</given-names>
          </name>
          <name>
            <surname>Guida</surname>
            <given-names>U</given-names>
          </name>
          <name>
            <surname>Carneiro</surname>
            <given-names>J</given-names>
          </name>
          <etal>et al</etal>
        </person-group>
        <article-title xml:lang="pt">Epidemia de esquistossomose aguda na praia de Porto de Galinhas, Pernambuco, Brasil</article-title>
		<source>Cad Saude Publica</source>
        <year>2001</year>
		<volume>17</volume>
		<issue>3</issue>
		<fpage>725</fpage>
		<lpage>728</lpage>
        <elocation-id>DOI:10.1590/S0102-311X2001000300028</elocation-id>
      </element-citation>
    </ref>
    <ref id="B7">
      <label>7</label>
      <mixed-citation>. Barbosa CS, Montenegro SML, Abath FGC, Domingues ALC. Specific situations related to acute schistosomiais in Pernambuco, Brazil.
        <italic>Mem Inst Oswaldo Cruz</italic>
        . 2001;96(Suppl):169-72. DOI:10.1590/S0074-02762001000900026</mixed-citation>
      <element-citation publication-type="journal">
        <person-group>
          <name>
            <surname>Barbosa</surname>
            <given-names>CS</given-names>
          </name>
          <name>
            <surname>Montenegro</surname>
            <given-names>SML</given-names>
          </name>
          <name>
            <surname>Abath</surname>
            <given-names>FGC</given-names>
          </name>
          <name>
            <surname>Domingues</surname>
            <given-names>ALC</given-names>
          </name>
        </person-group>
        <article-title xml:lang="en">Specific situations related to acute schistosomiais in Pernambuco, Brazil</article-title>
        <source>Mem Inst Oswaldo Cruz</source>
        <year>2001</year>
        <volume>96</volume>
        <supplement>Suppl</supplement>
        <fpage>169</fpage>
        <lpage>172</lpage>
        <elocation-id>DOI:10.1590/S0074-02762001000900026</elocation-id>
      </element-citation>
    </ref>
    <ref id="B8">
      <label>8</label>
      <mixed-citation>. Barbosa CS, Araújo KC, Antunes L, Favre T, Pieri OS. Spatial distribution of schistosomiasis foci on Itamaracá Island, Pernambuco, Brazil.
        <italic>Mem Inst Oswaldo Cruz</italic>
        . 2004;99(Suppl 1):79-83. DOI:10.1590/S0074-02762004000900014</mixed-citation>
      <element-citation publication-type="journal">
        <person-group>
          <name>
            <surname>Barbosa</surname>
            <given-names>CS</given-names>
          </name>
          <name>
            <surname>Araújo</surname>
            <given-names>KC</given-names>
          </name>
          <name>
            <surname>Antunes</surname>
            <given-names>L</given-names>
          </name>
          <name>
            <surname>Favre</surname>
            <given-names>T</given-names>
          </name>
          <name>
            <surname>Pieri</surname>
            <given-names>OS</given-names>
          </name>
        </person-group>
        <article-title xml:lang="en">Spatial distribution of schistosomiasis foci on Itamaracá Island, Pernambuco, Brazil</article-title>
        <source>Mem Inst Oswaldo Cruz</source>
        <year>2004</year>
        <volume>99</volume>
        <supplement>Suppl 1</supplement>
        <fpage>79</fpage>
        <lpage>83</lpage>
        <elocation-id>DOI:10.1590/S0074-02762004000900014</elocation-id>
      </element-citation>
    </ref>
    <ref id="B9">
      <label>9</label>
      <mixed-citation>. Barbosa CS, Araújo KC, Sevilha MAA, Melo F, Gomes ECS, Souza-Santos R. Current epidemiological status of schistosomiasis in the state of Pernambuco, Brazil.
        <italic>Mem Inst Oswaldo Cruz</italic>
        . 2010;105(4):549-54. DOI:10.1590/S0074-02762010000400034</mixed-citation>
      <element-citation publication-type="journal">
        <person-group>
          <name>
            <surname>Barbosa</surname>
            <given-names>CS</given-names>
          </name>
          <name>
            <surname>Araújo</surname>
            <given-names>KC</given-names>
          </name>
          <name>
            <surname>Sevilha</surname>
            <given-names>MAA</given-names>
          </name>
          <name>
            <surname>Melo</surname>
            <given-names>F</given-names>
          </name>
          <name>
            <surname>Gomes</surname>
            <given-names>ECS</given-names>
          </name>
          <name>
            <surname>Souza-Santos</surname>
            <given-names>R</given-names>
          </name>
        </person-group>
        <article-title xml:lang="en">Current epidemiological status of schistosomiasis in the state of Pernambuco, Brazil</article-title>
        <source>Mem Inst Oswaldo Cruz</source>
        <year>2010</year>
        <volume>105</volume>
        <issue>4</issue>
        <fpage>549</fpage>
        <lpage>554</lpage>
        <elocation-id>DOI:10.1590/S0074-02762010000400034</elocation-id>
      </element-citation>
    </ref>
    <ref id="B10">
      <label>10</label>
      <mixed-citation>. Barbosa CS, Leal Neto OB, Gomes ECS, Araújo KCGM, Domingues ALC. The endemisation of schistosomiasis in Porto de Galinhas, Pernambuco, Brazil, 10 years after the first epidemic outbreak.
        <italic>Mem Inst Oswaldo Cruz</italic>
        . 2011;106(7):878-83. DOI:10.1590/S0074-02762011000700014.</mixed-citation>
      <element-citation publication-type="journal">
        <person-group>
          <name>
            <surname>Barbosa</surname>
            <given-names>CS</given-names>
          </name>
          <name>
            <surname>Leal</surname>
            <given-names>OB</given-names>
            <suffix>Neto</suffix>
          </name>
          <name>
            <surname>Gomes</surname>
            <given-names>ECS</given-names>
          </name>
          <name>
            <surname>Araújo</surname>
            <given-names>KCGM</given-names>
          </name>
          <name>
            <surname>Domingues</surname>
            <given-names>ALC</given-names>
          </name>
        </person-group>
        <article-title xml:lang="en">The endemisation of schistosomiasis in Porto de Galinhas, Pernambuco, Brazil, 10 years after the first epidemic outbreak</article-title>
        <source>Mem Inst Oswaldo Cruz</source>
        <year>2011</year>
        <volume>106</volume>
        <issue>7</issue>
        <fpage>878</fpage>
        <lpage>883</lpage>
        <elocation-id>DOI:10.1590/S0074-02762011000700014</elocation-id>
      </element-citation>
    </ref>
    <ref id="B11">
      <label>11</label>
      <mixed-citation>. Gomes ECS, Leal Neto OB, Albuquerque J, Silva HP, Barbosa CS. Schistosomiasi
        <italic>s transmission and</italic>
        environmental change: a spatio-temporal analysis in Porto de Galinhas, Pernambuco – Brazil.
        <italic>Int J Health Geogr</italic>
        . 2012;11:51. DOI:10.1186/1476-072X-11-51</mixed-citation>
      <element-citation publication-type="journal">
        <person-group>
          <name>
            <surname>Gomes</surname>
            <given-names>ECS</given-names>
          </name>
          <name>
            <surname>Leal</surname>
            <given-names>OB</given-names>
            <suffix>Neto</suffix>
          </name>
          <name>
            <surname>Albuquerque</surname>
            <given-names>J</given-names>
          </name>
          <name>
            <surname>Silva</surname>
            <given-names>HP</given-names>
          </name>
          <name>
            <surname>Barbosa</surname>
            <given-names>CS</given-names>
          </name>
        </person-group>
        <article-title xml:lang="en">Schistosomiasi
          <italic>s transmission and</italic>
          environmental change: a spatio-temporal analysis in Porto de Galinhas, Pernambuco – Brazil</article-title>
        <source>Int J Health Geogr</source>
        <year>2012</year>
        <volume>11</volume>
        <issue>51</issue>
        <elocation-id>DOI:10.1186/1476-072X-11-51</elocation-id>
      </element-citation>
    </ref>
    <ref id="B12">
      <label>12</label>
      <mixed-citation>. Gonçalves F, Coutinho A, Santana W, Barbosa CS. Esquistossomose aguda, de caráter episódico, na ilha de Itamaracá, estado de Pernambuco.
        <italic>Cad Saude Publica</italic>
        . 1991;7(3):424-5. DOI:10.1590/S0102-311X1991000300011</mixed-citation>
      <element-citation publication-type="journal">
        <person-group>
          <name>
            <surname>Gonçalves</surname>
            <given-names>F</given-names>
          </name>
          <name>
            <surname>Coutinho</surname>
            <given-names>A</given-names>
          </name>
          <name>
            <surname>Santana</surname>
            <given-names>W</given-names>
          </name>
          <name>
            <surname>Barbosa</surname>
            <given-names>CS</given-names>
          </name>
        </person-group>
        <article-title xml:lang="pt">Esquistossomose aguda, de caráter episódico, na ilha de Itamaracá, estado de Pernambuco</article-title>
        <source>Cad Saude Publica</source>
        <year>1991</year>
        <volume>7</volume>
        <issue>3</issue>
        <fpage>424</fpage>
        <lpage>425</lpage>
        <elocation-id>DOI:10.1590/S0102-311X1991000300011</elocation-id>
      </element-citation>
    </ref>
    <ref id="B13">
      <label>13</label>
      <mixed-citation>. Katz N, Chaves A, Pellegrino J. A simple device for quantitative stool thick-smear technique in Schistosomiasis mansoni.
        <italic>Rev Inst Med Trop Sao Paulo</italic>
        . 1972;14(6):397-400.</mixed-citation>
      <element-citation publication-type="journal">
        <person-group>
          <name>
            <surname>Katz</surname>
            <given-names>N</given-names>
          </name>
          <name>
            <surname>Chaves</surname>
            <given-names>A</given-names>
          </name>
          <name>
            <surname>Pellegrino</surname>
            <given-names>J</given-names>
          </name>
        </person-group>
        <article-title xml:lang="en">A simple device for quantitative stool thick-smear technique in Schistosomiasis mansoni</article-title>
        <source>Rev Inst Med Trop Sao Paulo</source>
        <year>1972</year>
        <volume>14</volume>
        <issue>6</issue>
        <fpage>397</fpage>
        <lpage>400</lpage>
      </element-citation>
    </ref>
    <ref id="B14">
      <label>14</label>
      <mixed-citation>. Leal Neto OB, Albuquerque J, Gomes ECS, Barbosa CS. Estratégias do futuro para enfrentar problemas do passado.
        <italic>Scient Am Brasil</italic>
        . 2011;(106):48-51.</mixed-citation>
      <element-citation publication-type="journal">
        <person-group>
          <name>
            <surname>Leal</surname>
            <given-names>OB</given-names>
            <suffix>Neto</suffix>
          </name>
          <name>
            <surname>Albuquerque</surname>
            <given-names>J</given-names>
          </name>
          <name>
            <surname>Gomes</surname>
            <given-names>ECS</given-names>
          </name>
          <name>
            <surname>Barbosa</surname>
            <given-names>CS</given-names>
          </name>
        </person-group>
        <article-title xml:lang="pt">Estratégias do futuro para enfrentar problemas do passado</article-title>
        <source>Scient Am Brasil</source>
        <year>2011</year>
        <issue>106</issue>
        <fpage>48</fpage>
        <lpage>51</lpage>
      </element-citation>
    </ref>
    <ref id="B15">
      <label>15</label>
      <mixed-citation>. Melo FL, Gomes AL, Barbosa CS, Werkhauser RP, Abath FG. Development of molecular approaches for the identification of transmission sites of Schistosomiasis.
        <italic>Trans R Soc Trop Med Hyg</italic>
        . 2006;100(11):1049-55. DOI:10.1016/j.trstmh.2005.12.008</mixed-citation>
      <element-citation publication-type="journal">
        <person-group>
          <name>
            <surname>Melo</surname>
            <given-names>FL</given-names>
          </name>
          <name>
            <surname>Gomes</surname>
            <given-names>AL</given-names>
          </name>
          <name>
            <surname>Barbosa</surname>
            <given-names>CS</given-names>
          </name>
          <name>
            <surname>Werkhauser</surname>
            <given-names>RP</given-names>
          </name>
          <name>
            <surname>Abath</surname>
            <given-names>FG</given-names>
          </name>
        </person-group>
        <article-title xml:lang="en">Development of molecular approaches for the identification of transmission sites of Schistosomiasis</article-title>
        <source>Trans R Soc Trop Med Hyg</source>
        <year>2006</year>
        <volume>100</volume>
        <issue>11</issue>
        <fpage>1049</fpage>
        <lpage>1055</lpage>
        <elocation-id>DOI:10.1016/j.trstmh.2005.12.008</elocation-id>
      </element-citation>
    </ref>
    <ref id="B16">
      <label>16</label>
      <mixed-citation>. Paredes H, Souza-Santos R, Resendes APC, Souza MAA, Albuquerque J, Bocanegra S,  et al. Spatial pattern, water use and risk levels associated with the transmission of schistosomiais on the north coast of Pernambuco, Brazil.
        <italic>Cad Saude Publica</italic>
        . 2010;26(5):1013-23. DOI:10.1590/S0102-311X2010000500023</mixed-citation>
      <element-citation publication-type="journal">
        <person-group>
          <name>
            <surname>Paredes</surname>
            <given-names>H</given-names>
          </name>
          <name>
            <surname>Souza-Santos</surname>
            <given-names>R</given-names>
          </name>
          <name>
            <surname>Resendes</surname>
            <given-names>APC</given-names>
          </name>
          <name>
            <surname>Souza</surname>
            <given-names>MAA</given-names>
          </name>
          <name>
            <surname>Albuquerque</surname>
            <given-names>J</given-names>
          </name>
          <name>
            <surname>Bocanegra</surname>
            <given-names>S</given-names>
          </name>
          <etal>et al</etal>
        </person-group>
        <article-title xml:lang="en">Spatial pattern, water use and risk levels associated with the transmission of schistosomiais on the north coast of Pernambuco, Brazil</article-title>
        <source>Cad Saude Publica</source>
        <year>2010</year>
        <volume>26</volume>
        <issue>5</issue>
        <fpage>1013</fpage>
        <lpage>1023</lpage>
        <elocation-id>DOI:10.1590/S0102-311X2010000500023</elocation-id>
      </element-citation>
    </ref>
    <ref id="B17">
      <label>17</label>
      <mixed-citation>. Silva PB, Pieri OS, Travassos A, Florencio L, Barbosa CS. Aspectos físico-químicos e biológicos relacionados à ocorrência de
        <italic>Biomphalaria glabrata</italic>
        em focos litorâneos da esquistossomose em Pernambuco.
        <italic>Quim Nova</italic>
        . 2006;29(5):901-6. DOI:10.1590/S0100-40422006000500003</mixed-citation>
      <element-citation publication-type="journal">
        <person-group>
          <name>
            <surname>Silva</surname>
            <given-names>PB</given-names>
          </name>
          <name>
            <surname>Pieri</surname>
            <given-names>OS</given-names>
          </name>
          <name>
            <surname>Travassos</surname>
            <given-names>A</given-names>
          </name>
          <name>
            <surname>Florencio</surname>
            <given-names>L</given-names>
          </name>
          <name>
            <surname>Barbosa</surname>
            <given-names>CS</given-names>
          </name>
        </person-group>
        <article-title xml:lang="pt">Aspectos físico-químicos e biológicos relacionados à ocorrência de
          <italic>Biomphalaria glabrata</italic>
          em focos litorâneos da esquistossomose em Pernambuco</article-title>
        <source>Quim Nova</source>
        <year>2006</year>
        <volume>29</volume>
        <issue>5</issue>
        <fpage>901</fpage>
        <lpage>906</lpage>
        <elocation-id>DOI:10.1590/S0100-40422006000500003</elocation-id>
      </element-citation>
    </ref>
    <ref id="B18">
      <label>18</label>
      <mixed-citation>. Silva PCV, Domingues ALC. Aspectos epidemiológicos da esquistossomose hepatoesplênica no estado de Pernambuco, Brasil.
        <italic>Epidemiol Serv Saude</italic>
        . 2011;20(3):327-36. DOI:10.5123/S1679-49742011000300007</mixed-citation>
      <element-citation publication-type="journal">
        <person-group>
          <name>
            <surname>Silva</surname>
            <given-names>PCV</given-names>
          </name>
          <name>
            <surname>Domingues</surname>
            <given-names>ALC</given-names>
          </name>
        </person-group>
        <article-title xml:lang="pt">Aspectos epidemiológicos da esquistossomose hepatoesplênica no estado de Pernambuco, Brasil</article-title>
        <source>Epidemiol Serv Saude</source>
        <year>2011</year>
        <volume>20</volume>
        <issue>3</issue>
        <fpage>327</fpage>
        <lpage>336</lpage>
        <elocation-id>DOI:10.5123/S1679-49742011000300007</elocation-id>
      </element-citation>
    </ref>
    <ref id="B19">
      <label>19</label>
      <mixed-citation>. Souza MAA, Barbosa VS, Wanderlei TNG, Barbosa CS. Criadouros de
        <italic>Biomphalaria</italic>
        , temporários e permanentes, em Jaboatão dos Guararapes, PE.
        <italic>Rev Soc Bras Med Trop</italic>
        . 2008;41(3):252-6. DOI:10.1590/S0037-86822008000300006</mixed-citation>
      <element-citation publication-type="journal">
        <person-group>
          <name>
            <surname>Souza</surname>
            <given-names>MAA</given-names>
          </name>
          <name>
            <surname>Barbosa</surname>
            <given-names>VS</given-names>
          </name>
          <name>
            <surname>Wanderlei</surname>
            <given-names>TNG</given-names>
          </name>
          <name>
            <surname>Barbosa</surname>
            <given-names>CS</given-names>
          </name>
        </person-group>
        <article-title xml:lang="pt">Criadouros de
          <italic>Biomphalaria</italic>
          , temporários e permanentes, em Jaboatão dos Guararapes, PE</article-title>
        <source>Rev Soc Bras Med Trop</source>
        <year>2008</year>
        <volume>41</volume>
        <issue>3</issue>
        <fpage>252</fpage>
        <lpage>256</lpage>
        <elocation-id>DOI:10.1590/S0037-86822008000300006</elocation-id>
      </element-citation>
    </ref>
    <ref id="B20">
      <label>20</label>
      <mixed-citation>. Richter J, Domingues ALC, Barata CH, Prata AR, Lambertucci JR. Report of the Second Satellite Symposium on Ultrasound in Schistosomiasis.
        <italic>Mem Inst Oswaldo Cruz.</italic>
        2001;96(Suppl):151-6. DOI:10.1590/S0074-02762001000900023</mixed-citation>
      <element-citation publication-type="journal">
        <person-group>
          <name>
            <surname>Richter</surname>
            <given-names>J</given-names>
          </name>
          <name>
            <surname>Domingues</surname>
            <given-names>ALC</given-names>
          </name>
          <name>
            <surname>Barata</surname>
            <given-names>CH</given-names>
          </name>
          <name>
            <surname>Prata</surname>
            <given-names>AR</given-names>
          </name>
          <name>
            <surname>Lambertucci</surname>
            <given-names>JR</given-names>
          </name>
        </person-group>
        <article-title xml:lang="en">Report of the Second Satellite Symposium on Ultrasound in Schistosomiasis</article-title>
        <source>Mem Inst Oswaldo Cruz</source>
        <year>2001</year>
        <volume>96</volume>
        <supplement>Suppl</supplement>
        <fpage>151</fpage>
        <lpage>156</lpage>
        <elocation-id>DOI:10.1590/S0074-02762001000900023</elocation-id>
      </element-citation>
    </ref>
  </ref-list>
  <fn-group><fn id="fn1" fn-type="supplementary-material">
    <label>a</label>
    <p>Epi Schisto Risk Modeling. [citado 2012 set 14]. Disponível em: http://www.epichisto.org/</p>
    </fn><fn id="fn2" fn-type="supplementary-material">
    <label>b</label>
    <p>Ministério da Saúde/Fundação Oswaldo Cruz. Inquérito Nacional de Prevalência da Esquistossomose e Geohelmintoses. Brasília, DF; 2012.</p>
    </fn><fn id="fn3" fn-type="supplementary-material">
    <label>c</label>
    <p>Instituto Brasileiro de Geografia e Estatística (IBGE). Censo 2010. [citado 2012 set 22] Disponível em:
      <ext-link ext-link-type="uri" xlink:href="http://www.censo2010.ibge.gov.br/primeiros_dados_divulgados/index.php?uf-26">http://www.censo2010.ibge.gov.br/primeiros_dados_divulgados/index.php?uf-26</ext-link>
    </p>
    </fn></fn-group>
</back>
<sub-article article-type="translation" id="TR01" xml:lang="en">
  <front-stub>
    <article-categories>
      <subj-group subj-group-type="heading">
        <subject>Original Articles</subject>
      </subj-group>
    </article-categories>
    <title-group>
      <article-title xml:lang="en">Autochthonous cases of schistosomiasis in children in Recife, Northeastern Brazil</article-title>
    </title-group>
    <contrib-group>
      <contrib contrib-type="author">
        <name>
          <surname>Barbosa</surname>
          <given-names>Constança Simões</given-names>
        </name>
        <xref ref-type="aff" rid="aff5"><sup>I</sup></xref>
      </contrib>
      <contrib contrib-type="author">
        <name>
          <surname>Barbosa</surname>
          <given-names>Verônica Santos</given-names>
        </name>
        <xref ref-type="aff" rid="aff7"><sup>II</sup></xref>
      </contrib>
      <contrib contrib-type="author">
        <name>
          <surname>Melo</surname>
          <given-names>Fábio Lopes de</given-names>
        </name>
        <xref ref-type="aff" rid="aff6"><sup>I</sup></xref>
      </contrib>
      <contrib contrib-type="author">
        <name>
          <surname>Melo</surname>
          <given-names>Mariana Sena Barreto de</given-names>
        </name>
        <xref ref-type="aff" rid="aff7"><sup>II</sup></xref>
      </contrib>
      <contrib contrib-type="author">
        <name>
          <surname>Bezerra</surname>
          <given-names>Lydia</given-names>
        </name>
        <xref ref-type="aff" rid="aff6"><sup>I</sup></xref>
      </contrib>
      <contrib contrib-type="author">
        <name>
          <surname>Campos</surname>
          <given-names>Julyana Viegas</given-names>
        </name>
        <xref ref-type="aff" rid="aff8"><sup>III</sup></xref>
      </contrib>
      <contrib contrib-type="author">
        <name>
          <surname>Rodrigues</surname>
          <given-names>Bruno Ximenes</given-names>
        </name>
        <xref ref-type="aff" rid="aff9"><sup>IV</sup></xref>
      </contrib>
      <contrib contrib-type="author">
        <name>
          <surname>Nascimento</surname>
          <given-names>Wheverton Correia do</given-names>
        </name>
        <xref ref-type="aff" rid="aff6"><sup>I</sup></xref>
      </contrib>
      <contrib contrib-type="author">
        <name>
          <surname>Gomes</surname>
          <given-names>Elainne Souza</given-names>
        </name>
        <xref ref-type="aff" rid="aff9"><sup>IV</sup></xref>
      </contrib>
      <contrib contrib-type="author">
        <name>
          <surname>Leal-Neto</surname>
          <given-names>Onício</given-names>
        </name>
        <xref ref-type="aff" rid="aff7"><sup>II</sup></xref>
      </contrib>
      <contrib contrib-type="author">
        <name>
          <surname>Domingues</surname>
          <given-names>Ana Lúcia</given-names>
        </name>
        <xref ref-type="aff" rid="aff10"><sup>V</sup></xref>
      </contrib>
    </contrib-group>
    <aff id="aff6">
      <label>I</label>
      Laboratório e Serviço de Referência em Esquistossomose. Departamento de Parasitologia. Centro de Pesquisas Aggeu Magalhães. Fundação Oswaldo Cruz. Recife, PE, Brasil</aff>
    <aff id="aff7">
      <label>II</label>
      Programa de Pós-graduação em Saúde Pública. Centro de Pesquisas Aggeu Magalhães. Fundação Oswaldo Cruz. Recife, PE, Brasil</aff>
    <aff id="aff8">
      <label>III</label>
      Programa de Pós-graduação Integrado em Saúde Coletiva, Centro de Ciências da Saúde, Universidade Federal de Pernambuco. Recife, PE, Brasil</aff>
    <aff id="aff9">
      <label>IV</label>
      Departamento de Enfermagem. Centro Acadêmico de Vitória. Universidade Federal de Pernambuco. Vitória de Santo Antão, PE, Brasil</aff>
    <aff id="aff10">
      <label>V</label>
      Departamento de Medicina Clínica. Centro de Ciências da Saúde. Universidade Federal de Pernambuco. Recife, PE, Brasil</aff>
    <author-notes>
      <corresp>
        <bold>Correspondence</bold>
        : Constança Simões Barbosa Laboratório e Serviço de Referência em Esquistossomose Departamento de Parasitologia – CPqAM/Fiocruz Av. Professor Moraes Rego, s/n Campus da UFPE – Cidade Universitária 50670-420 Recife, PE, Brasil E-mail:
        <email>cbarbosa@cpqam.fiocruz.br</email>
      </corresp>
      <fn fn-type="financial-disclosure">
      <p>This study was supported by the
        <italic>Ministério da Saúde</italic>
        ,
        <italic>Secretaria de Vigilância em Saúde</italic>
        (Process FIOTEC ICPQRR-002-LIV-10).</p>
      </fn><fn fn-type="conflict">
      <p>The authors declare that there are no conflicts of interest.</p>
      </fn></author-notes>
    <abstract>
      <sec>
        <title>OBJECTIVE</title>
        <p>
          <bold>:</bold>
          Investigate breeding sites with host snails and autochthonous human cases of schistosomiasis.</p>
      </sec>
      <sec>
        <title>METHODS</title>
        <p>
          <bold>:</bold>
          Between July 2010 and September 2012 were performed: (1) malacological survey searching for breeding sites, collection and identification of
          <italic>Biomphalaria</italic>
          snails positive for
          <italic>Schistosoma mansoni</italic>
          in Recife, PE, Northeastern Brazil; (2) prevalence survey in 2,718 schoolchildren aged from seven to 14 years old to identify cases of schistosomiasis, clinical examination and ultrasound in positive cases of
          <italic>S. mansoni.</italic>
          The autochthony of the cases was investigated and the case were clinically evaluated. The cases and breeding sites were georeferenced and spatially described.</p>
      </sec>
      <sec>
        <title>RESULTS</title>
        <p>
          <bold>:</bold>
          The results identified 30 breeding with
          <italic>B. straminea,</italic>
          four of which were potential foci of transmission, as molecular testing identified snails with
          <italic>S. mansoni</italic>
          DNA. There were 14 children diagnosed with schistosomiasis, of which five were considered to be autochthonous cases of the disease.</p>
      </sec>
      <sec>
        <title>CONCLUSIONS</title>
        <p>
          <bold>:</bold>
          Urgent measures are required in order to avoid schistosomiasis becoming endemic to Recife, as has happened in other coastal areas of the state of Pernambuco.</p>
      </sec>
    </abstract>
    <kwd-group xml:lang="en">
      <kwd>
        <italic>Biomphalaria</italic>
        , growth &amp; development</kwd>
      <kwd>
        <italic>Schistosoma mansoni.</italic>
      </kwd>
      <kwd>Schistosomiasis, epidemiology</kwd>
      <kwd>Endemic Diseases, prevention &amp; control</kwd>
    </kwd-group>
  </front-stub>
  <body>
  <sec sec-type="intro">
    <title>INTRODUCTION</title>
    <p>For decades schistosomiasis mansoni in Pernambuco, Northeastern Brazil, was identified as a rural endemic poverty-related disease. Recently, this disease has spread to remote coastal villages of this State were acute human cases and outbreaks of vector snails have been identified. This confirms the introduction and establishment of the disease in previously untouched areas. The disease, in the form of outbreaks or stabilized as endemic, has different epidemiological, clinical, economic and socio-cultural characteristics from those found in rural zones in the state.
      <xref ref-type="bibr" rid="B3"><sup>3</sup></xref>
      <sup>,</sup>
      <xref ref-type="bibr" rid="B4"><sup>4</sup></xref>
      <sup>,</sup>
      <xref ref-type="bibr" rid="B6"><sup>6</sup></xref>
      <sup>,</sup>
      <xref ref-type="bibr" rid="B9"><sup>9</sup></xref>
      <sup>,</sup>
      <xref ref-type="bibr" rid="B12"><sup>12</sup></xref>
      <sup>,</sup>
      <xref ref-type="bibr" rid="B14"><sup>14</sup></xref>
    </p>
    <p>Unemployed rural workers migrate to the coastal areas of Pernambuco where they find temporary work in resorts, hotels and summer houses. Some of these coastal areas are important tourist centers where there is intense population growth combined with chaotic land occupation in which natural resources are destroyed by invasive and unscrupulous civil construction. On the periphery of these privileged tourist areas, the migrant population agglomerates, awaiting employment opportunities and living in settlements without basic sanitation or infrastructure, without access to health care or services. These living conditions favor contamination of the freshwater aquatic environment. Human waste thrown into the streams and ponds of the coastal areas contaminates the natural breeding sites of the host snails favoring the establishment of disease transmission. Extensive publication of scientific articles has recorded the occurrence of new outbreaks of host snails and acute human cases of schistosomiasis on the coast of Pernambuco and the Metropolitan Region of Recife (MRR) with data on the epidemiology, ecology and spatial distribution of the schistosomiasis. These records support and guide the actions of the health care services in controlling and preventing the disease on the coast of Pernambuco.
      <xref ref-type="bibr" rid="B2"><sup>2</sup></xref>
      <sup>,</sup>
      <xref ref-type="bibr" rid="B5"><sup>5</sup></xref>
      <sup>,</sup>
      <xref ref-type="bibr" rid="B7"><sup>7</sup></xref>
      <sup>,</sup>
      <xref ref-type="bibr" rid="B8"><sup>8</sup></xref>
      <sup>,</sup>
      <xref ref-type="bibr" rid="B10"><sup>10</sup></xref>
      <sup>,</sup>
      <xref ref-type="bibr" rid="B11"><sup>11</sup></xref>
      <sup>,</sup>
      <xref ref-type="bibr" rid="B16"><sup>16</sup></xref>
      <sup>,</sup>
      <xref ref-type="bibr" rid="B18"><sup>18</sup></xref>
      <sup>,</sup>
      <xref ref-type="bibr" rid="B20"><sup>20</sup></xref>
    </p>
    <p>The first indication of schistosomiasis transmission in Recife, PE, Northeastern Brazil, was in 2008 when a scientific expedition detected the presence of
      <italic>Biomphalaria straminea</italic>
      infected with
      <italic>Schistosoma mansoni</italic>
      in a pond located in Apipucos Park, in a neighborhood of the city.
      <xref ref-type="fn" rid="fn4"><sup>a</sup></xref>
      The site is a beautiful, traditional leisure area, including children’s playgrounds and areas for playing sport, where some people fish and swim, and in which sewage dumping was found in several locations.</p>
    <p>Based on these findings, epidemiological investigations were initiated to find evidence of schistosomiasis transmission in the city of Recife.</p>
    <p>The aim of this study was to investigate breeding sites of host snails and autochthonous human cases of schistosomiasis in Recife.</p>
  </sec>
  <sec sec-type="methods">
    <title>METHODS</title>
    <p>A malacological survey was carried out between July 2010 and September 2012, actively searching for host snails in fresh water at selected points in Recife. The snails were collected using scoops and tweezers in an active search of fresh water in epidemiologically important points (close to habitation). They were examined using the molecular Nested PCR technique, specific and efficient for identifying DNA of
      <italic>S. mansoni</italic>
      in
      <italic>Biomphalaria.</italic>
      <xref ref-type="bibr" rid="B1"><sup>1</sup></xref>
      <sup>,</sup>
      <xref ref-type="bibr" rid="B15"><sup>15</sup></xref>
      This technique allows the rapid identification of aquatic environments contaminated with the parasite. Humans cases were identified between August and September 2011 using the
      <italic>Inquérito Nacional de Prevalência da Esquistossomose e Geohelmintoses</italic>
      (INPEG – National Survey on Prevalence of Schistosomiasis and Geohelmintoses),
      <xref ref-type="fn" rid="fn5"><sup>b</sup></xref>
      which sampled 2,718 schoolchildren between seven and 14 years old in 35 schools in Recife. Besides the 35 schools selected for the survey, a purposeful search for schistosomiasis cases was conducted in two schools that were very close to breeding sites with a high concentration of snails. The parasitological diagnosis for parasites in stool samples was performed by the Kato-Katz method using two slides for each sample.
      <xref ref-type="bibr" rid="B13"><sup>13</sup></xref>
      Clinical tests were performed on those children with positive diagnosis for
      <italic>S. mansoni</italic>
      to investigate episodes of diarrhea with blood in the stool in the preceding two weeks, episodes of upper gastrointestinal bleeding (UGIB), splenomegaly or UGIB in the family. Ultrasound test was performed to establish the presence of splenomegaly, hepatomegaly and patterns of periportal fibrosis. The World Health Organization (WHO) Niamey classification was used to define periportal fibrosis as pattern A (no fibrosis), B (debatable fibrosis), C (peripheral fibrosis), or D (central fibrosis).
      <xref ref-type="bibr" rid="B20"><sup>20</sup></xref>
    </p>
    <p>The autochthony of the cases was carefully investigated with the children’s relatives. Those children who reported any kind of exposure outside of Recife were ruled out as autochthonous case.</p>
    <p>The locations of schools and households with positive cases of schistosomiasis mansoni were geocoded using Google Earth software version 6.1, with the completeness of the data reaching 95%. The breeding sites of snails were georeferenced using a Garmin eTrex GPS device, in the UTM projection system and the SAD69 datum. These data were included and processed in a Geographic Information System in ArcGIS 10.0 (Esri) software, creating a thematic map with spatialized attributes.</p>
    <p>This project was approved by the Research Ethics Committee of the
      <italic>Centro de Pesquisas René Rachou</italic>
      (Process nº CAAE 0007.1.245.000.10). The research followed the ethical principles contained in Resolution nº 196/96, of the
      <italic>Conselho Nacional de Saúde</italic>
      , Ministry of Health. All participants signed an informed consent form. Anonymity was maintained at all stages of the study.</p>
  </sec>
  <sec sec-type="results">
    <title>RESULTS</title>
    <p>There were 30 breeding sites identified in Recife, from which 2,423
      <italic>B. straminea</italic>
      snails were collected. As this species is not very susceptible to
      <italic>S. mansoni</italic>
      , the snails were subjected to the molecular Nested PCR diagnosis technique to search for DNA from the parasite. Four breeding sites with molluscs bearing
      <italic>S. mansoni</italic>
      DNA were found in Recife neighborhoods one in Caxangá, two in Apipucos and one in San Martin (Figure).</p>
    <p>From the 2,718 schoolchildren investigated by parasitological survey INPEG, 9.05% were infected with
      <italic>Ascaris lumbricoides</italic>
      , 8.64% with
      <italic>Trichuris trichiura</italic>
      , 1.1% with hookworms and 0.44% with
      <italic>Schistosoma mansoni</italic>
      . The search for new cases among 179 children examined in the schools in the Varzea and Apipucos neighborhoods, which were not included in the INPEG sample, allowed two more schistosomiasis cases to be found. A total of 179 children were examined and 14 cases of schoolchildren parasitized by
      <italic>S. mansoni</italic>
      were diagnosed with loads between 46 and 816 eggs per gram of feces (EGP). These14 children were sent to
      <italic>Centro de Pesquisas Aggeu Magalhaes/Fiocruz</italic>
      – CPqAM/Fiocruz to be clinically examined and undergo ultrasound diagnosis (US). The mothers and children were counseled about the disease and how to prevent becoming infected again. The patients received specific medication for
      <italic>S. mansoni</italic>
      and other diagnosed parasitic diseases.</p>
    <p>Nine children were excluded from the autochthony investigation as they reported exposure to locations outside of Recife city, even if the exposure had been for a few hours. Only five children could be considered autochthonous cases because their families assured the researchers that they had never left the city of Recife. Of the 14 cases which were positive for
      <italic>S. mansoni</italic>
      , it was not possible to carry out a clinical examination on one of them (AS, 11 years old) because the relatives did not give permission, but the autochthony of the case was investigated and confirmed in a home visit. Figure shows the geographic location of the households of the schistosomiasis cases diagnosed and the locations of snail breeding sites, some carrying
      <italic>S. mansoni</italic>
      parasite DNA.</p>
  </sec>
  <sec sec-type="discussion">
    <title>DISCUSSION</title>
    <p>This is the first report of children born and residing in the city of Recife parasitized by
      <italic>S. mansoni</italic>
      , with proper research to ensure autochthonous cases. There are reports of adult patients with schistosomiasis in peripheral areas of the Metropolitan Region of Recife;
      <xref ref-type="bibr" rid="B18"><sup>18</sup></xref>
      however, none of these cases were investigated for autochthony.</p>
    <p>The parasitological survey (INPEG), conducted through random sampling, detected 0.44% of schistosomiasis cases while epidemiological search, conducted in schools close to the breeding of vector snails, was able to detect 1.1% of children parasitized by this helminth. Among the nine cases which were not counted as autochthonous, three of them reported one single exposure outside of Recife. The other five children diagnosed as autochthonous cases of schistosomiasis had not left Recife and reported exposure near to their homes in the rainy season, when streams and drainage ditches in the neighborhood overflow and host snails are passively carried into the streets and yards. This seasonal infection, featuring episodic transmission in urban areas, could be avoided by establishing sanitation strategies, such as adequate drainage for rainwater. With respect to the three children who reported one single exposure outside Recife city and were ruled out as autochthonous cases of the disease, the interviews recorded the hypothesis that the contamination may have been in this city since their parents mentioned systematic contact with streams and flooded streets around their residences.</p>
    <p>Among the three children who had high parasite loads (one of which was autochthonous), between 458-816 EPG, two of them had specific symptoms and alterations seen in the ultrasound, suggesting numerous and/or intense exposure (
      <xref ref-type="table" rid="t02">Table</xref>
      ). One child, (GLSS, eight years old) living in the Boa Viagem neighborhood, had a high parasite load (816 EPG) and reported one single exposure in an endemic area, when swimming in the river for two hours, with no recollection of symptoms (cercarial dermatitis or fever) after this contact. No breeding sites for host snails were found in the Boa Viagem neighborhood, but the child reported systematic and accidental contact when the water of the canal adjacent to his residence overflows.</p>
    <p> <table-wrap id="t02">
    <label>Table</label>
    <caption>
      <title>. Results of the clinical examinations and ultrasounds of those schoolchildren diagnosed with
        <italic>Schistosoma mansoni</italic>
        . Recife, PE, Northeastern Brazil, 2012.</title>
    </caption>
    <table frame="hsides" rules="groups">
      <colgroup width="14%">
        <col width="15%"/>
        <col/>
        <col/>
        <col/>
        <col/>
        <col/>
        <col/>
      </colgroup>
      <tbody>
        <tr>
          <td>Patient</td>
          <td align="center">Age</td>
          <td align="center">Symptoms</td>
          <td align="center">Eggs per gram of feces</td>
          <td align="center">US</td>
          <td align="center">Fibrosis patterns
            <sup>a</sup>
          </td>
          <td align="center">Autochthony</td>
        </tr>
        <tr>
          <td colspan="7" style="border-bottom: thin solid; border-color: #000000"/>
        </tr>
        <tr>
          <td>AGCA</td>
          <td align="center">9</td>
          <td align="center">Yes</td>
          <td align="center">72</td>
          <td align="center">Hepatomegaly/Fibrosis</td>
          <td align="center">Pattern C</td>
          <td align="center">No</td>
        </tr>
        <tr>
          <td>MTAN</td>
          <td align="center">9</td>
          <td align="center">No</td>
          <td align="center">240</td>
          <td align="center">Fibrosis</td>
          <td align="center">Pattern C</td>
          <td align="center">No</td>
        </tr>
        <tr>
          <td>TYOS</td>
          <td align="center">9</td>
          <td align="center">No</td>
          <td align="center">148</td>
          <td align="center">Hepatomegaly/Fibrosis</td>
          <td align="center">Pattern C</td>
          <td align="center">Yes</td>
        </tr>
        <tr>
          <td>AGS</td>
          <td align="center">12</td>
          <td align="center">No</td>
          <td align="center">192</td>
          <td align="center">No alteration</td>
          <td align="center">No Fibrosis</td>
          <td align="center">No</td>
        </tr>
        <tr>
          <td>SLS</td>
          <td align="center">13</td>
          <td align="center">No</td>
          <td align="center">144</td>
          <td align="center">Fibrosis</td>
          <td align="center">Pattern C</td>
          <td align="center">No</td>
        </tr>
        <tr>
          <td>WCLO</td>
          <td align="center">9</td>
          <td align="center">Yes</td>
          <td align="center">458</td>
          <td align="center">Hepatomegaly/Fibrosis</td>
          <td align="center">Pattern C</td>
          <td align="center">Yes</td>
        </tr>
        <tr>
          <td>IMFS</td>
          <td align="center">9</td>
          <td align="center">Yes</td>
          <td align="center">46</td>
          <td align="center">Fibrosis</td>
          <td align="center">Pattern B</td>
          <td align="center">No</td>
        </tr>
        <tr>
          <td>LRMSF</td>
          <td align="center">8</td>
          <td align="center">Yes</td>
          <td align="center">48</td>
          <td align="center">Hepatosplenomegaly/Fibrosis</td>
          <td align="center">Pattern B</td>
          <td align="center">Yes</td>
        </tr>
        <tr>
          <td>GLSS</td>
          <td align="center">8</td>
          <td align="center">Yes</td>
          <td align="center">816</td>
          <td align="center">Fibrosis</td>
          <td align="center">Pattern B</td>
          <td align="center">No</td>
        </tr>
        <tr>
          <td>MMS</td>
          <td align="center">13</td>
          <td align="center">Yes</td>
          <td align="center">140</td>
          <td align="center">Fibrosis</td>
          <td align="center">Pattern D</td>
          <td align="center">No</td>
        </tr>
        <tr>
          <td>EAMA</td>
          <td align="center">8</td>
          <td align="center">No</td>
          <td align="center">456</td>
          <td align="center">No alteration</td>
          <td align="center">No Fibrosis</td>
          <td align="center">No</td>
        </tr>
        <tr>
          <td>DLLN</td>
          <td align="center">10</td>
          <td align="center">No</td>
          <td align="center">72</td>
          <td align="center">No alteration</td>
          <td align="center">No Fibrosis</td>
          <td align="center">No</td>
        </tr>
        <tr>
          <td>LDS</td>
          <td align="center">12</td>
          <td align="center">No</td>
          <td align="center">264</td>
          <td align="center">No alteration</td>
          <td align="center">No Fibrosis</td>
          <td align="center">Yes</td>
        </tr>
        <tr>
          <td>AS</td>
          <td align="center">11</td>
          <td align="center">No</td>
          <td align="center">72</td>
          <td align="center">–</td>
          <td align="center">–</td>
          <td align="center">Yes</td>
        </tr>
      </tbody>
    </table>
    <table-wrap-foot>
      <p>US: Ultrasound</p>
      <p>
        <sup>a</sup>
        Fibrosis patterns: Pattern A: no fibrosis; Pattern B: probable or debatable fibrosis; Pattern C: peripheral fibrosis; Pattern D: central fibrosis.
        <sup>22</sup>
      </p>
    </table-wrap-foot>
  </table-wrap></p>
    <p>Among the three children suffering from hepatomegaly, two were autochthonous cases. One of them (LRMSF, eight years old) developed the hepatosplenic clinical form, although the parasitological stool examination detected 48 eggs/gram of feces, suggesting an old infection which had not been specifically treated (
      <xref ref-type="table" rid="t02">Table</xref>
      ). The liver damage in the three autochthonous cases, with stage B and C fibrosis, is a sign of the severity of the disease in its chronic course, similar to that observed in patients in endemic areas with recurrent exposure to the etiological agent.</p>
     <p>Only one of the autochthonous case of the disease and three breeding sites of
      <italic>B. straminea</italic>
      with
      <italic>S. mansoni</italic>
      DNA were identified in the Apipucos neighborhood. This was the first child diagnosed with schistosomiasis in Recife. During the autochthony investigations of this case (AS, 11 years old), the parents confirmed that the child used to swim every day in Apipucos lake. The Ibura neighborhood had four breeding sites of host snails and two children with schistosomiasis, these are biological indicators of risk which merit special attention by environmental and epidemiological monitoring. The Vasco da Gama neighborhood had three cases of schistosomiasis and two of them were autochthonous; investigation with the family, asking about possible contact and exposure, leads to the assumption that these children may have been contaminated in the nearby swamps of Brejo do Beberibe and Apipucos, areas frequented by those children that were breeding sites of host snails.</p>
    <p>Figure shows the exact location of the areas where there may be favorable conditions for disease transmission. Further investigations are necessary to identify and map the entire city in search of new areas of transmission, avoiding the spread of schistosomiasis in Recife. In spite of their limitations, the data shown in
      <xref ref-type="fig" rid="f02">Figure</xref>
      are essential for guiding monitoring activities searching for new cases and investigating unhealthy environments.</p>
    <p> <fig id="f02">
    <label>Figure</label>
    <caption>
      <title>Geographic distribution of cases of schistosomiasis and
        <italic>Biomphalaria</italic>
        breeding sites. Recife, PE, Northeastern Brazil, 2012.</title>
    </caption>
    <graphic xlink:href="0034-8910-rsp-47-04-0684-gf02.tif"/>
  </fig></p>
    <p>The findings of the present investigation, represented by
      <italic>Biomphalaria straminea</italic>
      breeding sites containing snails carrying
      <italic>S. mansoni</italic>
      DNA, and by the autochthonous cases of schistosomiasis in children, indicate that the disease is being transmitted in Recife. These data, linked to the fact that, according to the Brazilian Institute of Geography and Statistics (IBGE) census of (2010),
      <xref ref-type="fn" rid="fn6"><sup>c</sup></xref>
      around 50% of the municipality of Recife has no sanitation network, takes on significant epidemiological and public health relevance, calling for emergency actions in order to avoid schistosomiasis becoming endemic in the city. In coastal areas of Pernambuco where the disease is already established, the dynamic of transmission has specific epidemiological and clinical characteristics, represented by episodic outbreaks and acute clinical forms.</p>
    <p>The results of this research point to the need to identify new cases of the disease and breeding sites in all neighborhoods of the city, perhaps using the technique of mice exposure in the breeding of
      <italic>Biomphalaria straminea</italic>
      to detect the presence of the parasite cercariae.</p>
    <p>The results of this study are limited to the specific situation of Recife and may are useful for the Schistosomiasis Control Program (PCE) to take emergency actions in order to prevent the disease from spreading in Recife city.</p>
  </sec>
  </body>
  <back>
    <fn-group><fn id="fn4" fn-type="supplementary-material">
      <label>a</label>
      <p>Epi Schisto Risk Modeling. [cited 2012 Sept 14]. Available from:
        <ext-link ext-link-type="uri" xlink:href="http://www.epichisto.org/">http://www.epichisto.org/</ext-link>
      </p>
      </fn><fn id="fn5" fn-type="supplementary-material">
      <label>b</label>
      <p>Ministério da Saúde/Fundação Oswaldo Cruz. Inquérito Nacional de Prevalência da Esquistossomose e Geohelmintoses. Brasília, DF; 2012.</p>
      </fn><fn id="fn6" fn-type="supplementary-material">
      <label>c</label>
      <p>Instituto Brasileiro de Geografia e Estatística (IBGE). Censo 2010 [cited 2012 Sept 22]. Available from:
        <ext-link ext-link-type="uri" xlink:href="http://www.censo2010.ibge.gov.br/primeiros_dados_divulgados/index.php?uf-26">http://www.censo2010.ibge.gov.br/primeiros_dados_divulgados/index.php?uf-26</ext-link>
      </p>
      </fn></fn-group>
  </back>
</sub-article>
</article>
