<?xml version="1.0" encoding="utf-8"?>
<article article-type="in-brief" dtd-version="1.0" xml:lang="en" xmlns:xlink="http://www.w3.org/1999/xlink" xmlns:mml="http://www.w3.org/1998/Math/MathML">
	<front>
		<journal-meta>
			<journal-id journal-id-type="nlm-ta">Bull World Health Organ</journal-id>
			<journal-title-group>
				<journal-title>Bulletin of the World Health Organization</journal-title>
				<abbrev-journal-title abbrev-type="pubmed">Bull. World Health Organ.</abbrev-journal-title>
			</journal-title-group>
			<issn pub-type="ppub">0042-9686</issn>
			<publisher>
				<publisher-name>World Health Organization</publisher-name>
			</publisher>
		</journal-meta>
		<article-meta>
			<article-id pub-id-type="publisher-id">BLT.13.000813</article-id>
			<article-id pub-id-type="doi">10.2471/BLT.13.000813</article-id>
			<article-categories>
				<subj-group subj-group-type="heading">
					<subject> In This Month´s Bulletin</subject>
				</subj-group>
			</article-categories>
			<title-group>
				<article-title>In this month's <italic>Bulletin</italic>
				</article-title>
			</title-group>
			<pub-date pub-type="ppub">
				<month>08</month>
				<year>2013</year>
			</pub-date>
			<volume>91</volume>
			<issue>8</issue>
			<fpage>545</fpage>
			<lpage>545</lpage>
			<permissions>
				<copyright-statement>(c) World Health Organization (WHO) 2013. All rights reserved.</copyright-statement>
				<copyright-year>2013</copyright-year>
			</permissions>
		</article-meta>
	</front>
	<body>
		<p>In the editorial section, David B Evans and colleagues (546) discuss the dimensions of universal health coverage. In the news, Gary Humphreys &#x26; Catherine Fiankan-Bokonga (549&#x2013;550) report on the approach France is taking to counter trends in childhood obesity. Fiona Fleck (551&#x2013;552) interviews Philip James on how the global obesity epidemic started and what should be done to reverse it.</p>
		<sec sec-type="other1">
			<title>Nigeria</title>
		</sec>
		<sec sec-type="other2">
			<title>Measuring water quality</title>
			<p>Ayotunde T Etchie et al. (553&#x2013;561) calculate the disease burden caused by unsafe water. </p>
		</sec>
		<sec sec-type="other3">
			<title>South Africa</title>
		</sec>
		<sec sec-type="other4">
			<title>Violent ends to young lives</title>
			<p>Shanaaz Mathews et al. (562&#x2013;568) describe the epidemiology of child homicides. </p>
		</sec>
		<sec sec-type="other5">
			<title>Republic of Korea</title>
		</sec>
		<sec sec-type="other6">
			<title>Documenting harms</title>
			<p>Hyeun-Kyoo Shin et al. (569&#x2013;575) report adverse events of traditional medicine.</p>
		</sec>
		<sec sec-type="other7">
			<title>China</title>
		</sec>
		<sec sec-type="other8">
			<title>Hot days and hospital use</title>
			<p>Emily YY Chan et al. (576&#x2013;584) study the relationship between weather and illness. </p>
		</sec>
		<sec sec-type="other9">
			<title>Peru, Uganda &#x26; Viet Nam </title>
		</sec>
		<sec sec-type="other10">
			<title>Reaching adolescent girls</title>
			<p>Carol E Levin et al. (585&#x2013;592) estimate the cost of delivering HPV vaccines.</p>
		</sec>
		<sec sec-type="other11">
			<title>Haiti</title>
		</sec>
		<sec sec-type="other12">
			<title>Breastfeeding in emergencies</title>
			<p>Mohamed Ag Ayoya et al. (612&#x2013;617) evaluate the impact of baby tents.</p>
		</sec>
		<sec sec-type="other13">
			<title>Global</title>
		</sec>
		<sec sec-type="other14">
			<title>Healthy mothers, healthy babies</title>
			<p>Atif Rahman et al. (593&#x2013;601) review the evidence for treating perinatal mental disorders.</p>
		</sec>
		<sec sec-type="other15">
			<title>Defining coverage</title>
			<p>Joseph Kutzin (602&#x2013;611) outlines policy implications of working towards universal health coverage.</p>
		</sec>
		<sec sec-type="other16">
			<title>Reforming research incentives</title>
			<p>Mary Moran (618&#x2013;620) debates the scope of a research and development convention. </p>
		</sec>
	</body>
</article>
